title,rating,reviews,price,quantity,productName
,,,,,
DADEV Unprocessed Raw Honey-750gm 100% Pure Raw Honey Unprocessed and Organic Honey,4.2 out of 5 stars,411,495,100%,DADEV Unprocessed
,,,,,
Gourbae Raw Organic White Quinoa Seeds [Vegan | Gluten Free | Non-GMO] (500 Grams),5.0 out of 5 stars,7,249,500 Grams,Gourbae Raw
,,,,,
Fitter Fresh Certified Organic Jaggery Powder (450 Grams),5.0 out of 5 stars,6,125,450 Grams,Fitter Fresh
,,,,,
"StBotanica Usda Organic Apple Cider Vinegar - Raw, Unfiltered With Mother Vinegar - 500Ml",4.2 out of 5 stars,336,399,500Ml,StBotanica Usda
,,,,,
"24 Mantra Organic Turmeric Powder, 100g",4.4 out of 5 stars,519,36,24 Mantra,24 Mantra
,,,,,
Go Organic Moringa Leaf Powder ( 150 Gm),4.0 out of 5 stars,42,210,150 Gm,Go Organic
,,,,,
"24 Mantra Organic Poha (Flattened Rice/Atukulu), 500g",4.1 out of 5 stars,598,58,24 Mantra,24 Mantra
,,,,,
INDIGENOUS HONEY Raw Organic Honey Unprocessed Unfiltered Unpasteurized Pure Natural Original Honey an Ayurvedic Immunity Booster for Weight Loss Cough and Digestive Disorders 500 Grams Glass Jar,4.5 out of 5 stars,"1,393",499,500 Grams,INDIGENOUS HONEY
,,,,,
"Organic India Classic Tulsi Green Tea, 100 gm",4.5 out of 5 stars,"1,599",218.5,100 gm,Organic India
,,,,,
Organic India Wheat Grass - 100 g,4.3 out of 5 stars,267,395,100 g,Organic India
,,,,,
"24 Mantra Organic Moong Dal, 1kg",4.4 out of 5 stars,362,220,24 Mantra,24 Mantra
,,,,,
"Indus Valley Bio Organic Non-Toxic Aloe Vera Gel for Acne, Scars, Glowing & Radiant Skin Treatment-175ml",4.2 out of 5 stars,"2,827",199,,Indus Valley
,,,,,
WOW Life Science Organic Apple Cider Vinegar - with strand of mother - not from concentrate – 750 ml,4.2 out of 5 stars,"8,554",499,750 ml,WOW Life
,,,,,
"24 Mantra Organic Tur Dal, 500g",4.4 out of 5 stars,471,98,24 Mantra,24 Mantra
,,,,,
"StBotanica Usda Organic Apple Cider Vinegar - Raw, Unfiltered With Mother Vinegar - 500Ml",4.2 out of 5 stars,336,399,500Ml,StBotanica Usda
,,,,,
Bragg Organic Raw Apple Cider Vinegar - 473 ml,4.4 out of 5 stars,"6,319",640,473 ml,Bragg Organic
,,,,,
"Indus Valley Bio Organic Extra Virgin Coconut Oil, 175ml",4.1 out of 5 stars,738,219,175ml,Indus Valley
,,,,,
"Organic India Tulsi Original Tea, 25 Infusion Tea Bags",4.4 out of 5 stars,389,148,25,Organic India
,,,,,
Organic India Psyllium whole husk 100gm,4.2 out of 5 stars,372,210,100gm,Organic India
,,,,,
Organic India the Tulsi Original - 100 G,4.4 out of 5 stars,916,190,100 G,Organic India
,,,,,
Thangam Agmark Gingelly Oil 1 LTR Pouch,5.0 out of 5 stars,1,311,1 LTR,Thangam Agmark
,,,,,
"Nando's Mild Peri Peri Sauce, 250ml",4.0 out of 5 stars,16,289,250ml,Nando's Mild
,,,,,
"Organic India Virgin Coconut Oil, 500ml",4.1 out of 5 stars,460,679,500ml,Organic India
,,,,,
"Merlion Naturals Organic Raw Honey, Wild Forest / Multiflora Honey (300gm)",4.1 out of 5 stars,563,299,300gm,Merlion Naturals
,,,,,
Sorich Organics Halim Seeds - 400 Gm - Garden Cress Seeds - Superfood,4.1 out of 5 stars,189,238,400 Gm,Sorich Organics
,,,,,
Organic India Liver Kidney Care - 60 Capsules Bottle,4.3 out of 5 stars,106,212,60,Organic India
,,,,,
"Pro Nature 100% Organic Cashew Nuts, 100g",4.3 out of 5 stars,62,200,100%,Pro Nature
,,,,,
"HealthVit Apple Cider Vinegar with Mother Vinegar, Raw, Unfiltered and Undiluted - 500 ml",4.0 out of 5 stars,"4,517",199,500 ml,HealthVit Apple
,,,,,
Organic India Moringa Powder - 100 g,4.3 out of 5 stars,391,225,100 g,Organic India
,,,,,
"24 Mantra Organic Chana Dal, 500g",4.3 out of 5 stars,167,85,24 Mantra,24 Mantra
,,,,,
"Organic Tattva Toor Dal, 1kg",4.3 out of 5 stars,169,149,1kg,Organic Tattva
,,,,,
"Jiwa Organic Chia Seeds, 200 Grams",4.2 out of 5 stars,"1,074",135,200 Grams,Jiwa Organic
,,,,,
Organic India Organic Chyawanprash - 500 g,4.0 out of 5 stars,296,495,500 g,Organic India
,,,,,
"Organic India Tulsi Green Tea, Pomegranate, 25 Tea Bags",4.2 out of 5 stars,417,174,25 Tea,Organic India
,,,,,
"Organic India Tulsi Sleep Tea Bags, 25 Tea Bags",4.3 out of 5 stars,104,154,25 Tea,Organic India
,,,,,
"Organic India Tulsi Tummy Tea, 25 Tea Bags",4.2 out of 5 stars,209,154,25 Tea,Organic India
,,,,,
Organic India Turmeric Formula 60 Capsules Bottle,4.4 out of 5 stars,240,295,60,Organic India
,,,,,
Organic India Tulsi - 60 Capsules Bottle,4.6 out of 5 stars,41,205,60,Organic India
,,,,,
Bragg Organic Raw Unfiltered Apple Cider Vinegar - 946 ml,4.4 out of 5 stars,"8,392",980,946 ml,Bragg Organic
,,,,,
"24 Mantra Organic Kabuli Chana (White Chick Peas), 500g",4.1 out of 5 stars,131,90,24 Mantra,24 Mantra
,,,,,
"Fitness Mantra White Quinoa Seeds Pouch, 1 kg",4.1 out of 5 stars,"1,357",299,1 kg,Fitness Mantra
,,,,,
Organic India Triphala 60 Capsules Bottle,4.3 out of 5 stars,122,205,60,Organic India
,,,,,
"First Bud Organics Lakadong Turmeric Powder ,250 g | High Curcumin Content Haldi Powder| USDA Organic | Immunity Booster",4.3 out of 5 stars,65,320,250 g,First Bud
,,,,,
Organic India Tulsi Green Tea Lemon Ginger 25 TB,4.4 out of 5 stars,"1,583",170,25 TB,Organic India
,,,,,
Organic Chemistry,4.6 out of 5 stars,7,588.8,,Organic Chemistry
,,,,,
Just Jaivik 100% Organic Tulsi Powder Holy Basil Powder- Ocimum Sanctum- 0.5 LB/227g - USDA Organic Certified,4.1 out of 5 stars,110,249,100%,Just Jaivik
,,,,,
Sorich Organics USDA Certified Organic Raw Pumpkin Seeds - 400 Gm,4.2 out of 5 stars,637,383,400 Gm,Sorich Organics
,,,,,
"Organic India Infusion Tea Bags - Tulsi Ginger, 25 Bags",4.4 out of 5 stars,348,148,25,Organic India
,,,,,
Organic India Tulsi Ginger 100 GM Tin,4.5 out of 5 stars,432,190,100 GM,Organic India
,,,,,
Indus Valley Organic Orange Peel Powder 100 Gm,4.0 out of 5 stars,435,159,100 Gm,Indus Valley
,,,,,
"24 Mantra Organic Chana Dal, 500g",4.1 out of 5 stars,166,85,24 Mantra,24 Mantra
,,,,,
Naturevibe Botanicals Organic Ginger Root Powder - 190g,4.3 out of 5 stars,49,255,190g,Naturevibe Botanicals
,,,,,
Organic Kisan Turmeric Seeds (Turmeric Roots) for Planting - 500gm,4.1 out of 5 stars,84,157,500gm,Organic Kisan
,,,,,
Borganic - 100% Natural and Organic Wheat Grass Powder for Better Health (100 gram),4.9 out of 5 stars,77,349,100%,Borganic -
,,,,,
"Organic India Tulsi Mulethi, 25 Tea Bags",4.5 out of 5 stars,620,148,25 Tea,Organic India
,,,,,
"Sprig Roasted Chilli Oil, 125g",4.1 out of 5 stars,29,499,125g,Sprig Roasted
,,,,,
"NatureVit Rolled Oats, 1kg",5.0 out of 5 stars,1,299,1kg,NatureVit Rolled
,,,,,
Oi Honey - Natural Honey (300g),5.0 out of 5 stars,2,276,300g,Oi Honey
,,,,,
"Disano Cold Press Virgin Coconut Oil Bottle, 250 ml",4.4 out of 5 stars,434,169,250 ml,Disano Cold
,,,,,
"Orino Extra Virgin Olive Oil, 500ml",4.1 out of 5 stars,23,425,500ml,Orino Extra
,,,,,
DADEV Unprocessed Raw Honey-750gm 100% Pure Raw Honey Unprocessed and Organic Honey,4.2 out of 5 stars,411,495,100%,DADEV Unprocessed
,,,,,
"Twinings Green Tea Bags - Mint, 25Bags",4.4 out of 5 stars,133,285,25Bags,Twinings Green
,,,,,
"Sprig Roasted Chilli Oil, 125g",4.1 out of 5 stars,29,499,125g,Sprig Roasted
,,,,,
Control D Balance Stevia Sweet Drops | Zero Calorie | Sugar Substitute | Diabetic Friendly Sweetener (10 ml),4.0 out of 5 stars,2,149,Zero Calorie,Control D
,,,,,
"Organic India Tulsi Mulethi, 25 Tea Bags",4.5 out of 5 stars,620,148,25 Tea,Organic India
,,,,,
Neuherbs Certified Organic Apple Cider Vinegar With Mother (500 ML- Glass Bottle),4.2 out of 5 stars,460,399,500 ML,Neuherbs Certified
,,,,,
Organic India Tulsi Sweet Lemon 25 Tea Bags,4.3 out of 5 stars,176,154,25 Tea,Organic India
,,,,,
Organic India Tulsi Tummy 25 Tea Bags,4.2 out of 5 stars,82,154,25 Tea,Organic India
,,,,,
Natureland Organics Pearl Barley 500 Gm - Organic Barley,4.5 out of 5 stars,163,52.38,500 Gm,Natureland Organics
,,,,,
Organic India Quinoa Nutritious Food - 500 g,4.2 out of 5 stars,165,295,500 g,Organic India
,,,,,
Pintola Organic Peanut Butter (Crunchy) (1kg),4.6 out of 5 stars,"1,394",449,1kg,Pintola Organic
,,,,,
Indus Valley BIO Organic Bentonite clay (Multani Mitti Powder) 200g,4.0 out of 5 stars,530,185,200g,Indus Valley
,,,,,
"24 Mantra Organic Masoor Dal, 500g",4.3 out of 5 stars,116,85,24 Mantra,24 Mantra
,,,,,
Pintola Organic Peanut Butter (Creamy) (1kg),4.4 out of 5 stars,"1,283",449,1kg,Pintola Organic
,,,,,
"24 Mantra Organic Wheat Grass Powder, 100g",4.0 out of 5 stars,478,290,24 Mantra,24 Mantra
,,,,,
Nature Friend Organic Waste Decomposer Made by Using NCOF Technology Pack of 2 Bottles (30ml Each) Combo with 100 ml Organic Cold Press Neem Seed Oil of 1500 PPM (Min) Azadirachtin for Plant,4.1 out of 5 stars,23,340,2,Nature Friend
,,,,,
Organic India Amalaki - 60 Capsules Bottle,4.2 out of 5 stars,56,205,60,Organic India
,,,,,
"Onelife Leo Zodiac Sign Oil 100% Pure Essential Oil for Aromatherapy, Massage & Aroma Diffusers - 15ML",4.3 out of 5 stars,17,259,100%,Onelife Leo
,,,,,
Organic India Quinoa Atta Nutritious Food (500 g),4.2 out of 5 stars,19,195,500 g,Organic India
,,,,,
Just Jaivik Organic Ashwagandha Powder - 227g,4.2 out of 5 stars,455,369,227g,Just Jaivik
,,,,,
"NatureVit Rolled Oats, 5 kg [Pack of 5]",5.0 out of 5 stars,1,"1,249",5 kg,NatureVit Rolled
,,,,,
Fitter Fresh Certified Organic Jaggery Powder (450 Grams),5.0 out of 5 stars,6,125,450 Grams,Fitter Fresh
,,,,,
Vrinda Immunity Tea( Immunity Booster Help to Fight Corona) - 400 gm,5.0 out of 5 stars,2,400,400 gm,Vrinda Immunity
,,,,,
"Sprig Cinnamon Honey, 325g",4.1 out of 5 stars,46,499,325g,Sprig Cinnamon
,,,,,
Naturevibe Botanicals Organic Cinnamon Powder - 200gms | Dalchini | Keto Friendly,4.0 out of 5 stars,92,257,200gms,Naturevibe Botanicals
,,,,,
"24 Mantra Organic Cumin Seed, 100g",4.5 out of 5 stars,179,90,24 Mantra,24 Mantra
,,,,,
"24 Mantra Organic Sulphur Less Sugar, 1kg",4.3 out of 5 stars,134,115,24 Mantra,24 Mantra
,,,,,
"24 Mantra Organic Products Jaggery Powder, 500g",4.3 out of 5 stars,413,80,24 Mantra,24 Mantra
,,,,,
"Organic Harvest 6-in-1 Face Wash (Oil Control, Cleansing, Lightening & Brightening, Rejuvenating, Nourishing, Moisture), ECOCERT & PeTA Certified, Paraben & Sulphate Free - 100ml",4.4 out of 5 stars,54,144,6-in-1,Organic Harvest
,,,,,
Organic India Tulsi Lax Tea 25 TB,4.6 out of 5 stars,12,154,25 TB,Organic India
,,,,,
"Pro Nature Organic Tur Dal, 1kg",4.3 out of 5 stars,228,163,1kg,Pro Nature
,,,,,
Natureland Organics Amaranthus Flour (Rajgira Flour) 500 Gm - Gluten Free Amaranth Flour,4.0 out of 5 stars,141,104.76,500 Gm,Natureland Organics
,,,,,
"Organic India Tulsi Green, Tea Earl Grey, 25 Tea Bags",4.1 out of 5 stars,81,174,25 Tea,Organic India
,,,,,
MahaGro® All Purpose Premium Potting Mix®- with Cocopeat & Organic Fertilizer- 10kg,4.0 out of 5 stars,424,899,10kg,MahaGro® All
,,,,,
Sorich Organics Halim Garden Cress Seeds- 900 g,4.2 out of 5 stars,18,399,900 g,Sorich Organics
,,,,,
Bare Elixir Natural Organic Gulkand Prepared Using Damask Rose & Rock Sugar- 500 Grams (Ecofriendly Glass Jar),4.8 out of 5 stars,88,489,500 Grams,Bare Elixir
,,,,,
Dabur Tulsi Drops- 50% Extra: Concentrated Extract of 5 Rare Tulsi for Natural Immunity Boosting & Cough and Cold Relief: (20ml +10ml Free),4.4 out of 5 stars,141,164,50%,Dabur Tulsi
,,,,,
"Organic Tattva Moong Dal Yellow Split, 1kg",4.4 out of 5 stars,100,184,1kg,Organic Tattva
,,,,,
"Wiley's Solomons, Fryhle & Snyder Organic Chemistry for JEE (Main & Advanced), 3ed, 2021",5.0 out of 5 stars,1,760,2021,"Wiley's Solomons,"
,,,,,
"24 Mantra Organic Dry Ginger Powder, 50g",4.2 out of 5 stars,129,60,24 Mantra,24 Mantra
,,,,,
Truefarm Organic Jaggery Powder (1 kg),4.3 out of 5 stars,127,260,1 kg,Truefarm Organic
,,,,,
Carmel Organics USDA Certified Ashwagandha (Indian Ginseng) Root Powder || 250 Grams,4.1 out of 5 stars,237,349,250 Grams,Carmel Organics
,,,,,
Nutriorg Certified Organic Jaggery Powder 700g (Pack of 2),4.0 out of 5 stars,192,310,700g,Nutriorg Certified
,,,,,
"Organic India Lemon Ginger Tulsi Green Tea, 25 Tea Bags - Pack of 2",4.5 out of 5 stars,349,339,25 Tea,Organic India
,,,,,
Organic India Tulsi Sweet Rose 25 TB,4.5 out of 5 stars,118,148,25 TB,Organic India
,,,,,
Organic India - Tulsi Green Tea Ashwagandha 25 Tea Bag,4.3 out of 5 stars,86,174,25 Tea,Organic India
,,,,,
"Organic India Virgin Coconut Oil, 500ml",4.1 out of 5 stars,460,679,500ml,Organic India
,,,,,
"Waste Decomposer Pack of 20 Bottles (20 x 30 ml) Made by Using NCOF Technology Ghaziabad for Organic Farming, Compost Making, Foliar Spray, Seed traeatment and Plant Diseases Control",4.0 out of 5 stars,744,,20,Waste Decomposer
,,,,,
Achar King Natural Organic GULKAND (400 g),4.0 out of 5 stars,1,171,400 g,Achar King
,,,,,
"Pro Nature 100% Organic Raw Peanuts, 1kg",4.1 out of 5 stars,377,270,100%,Pro Nature
,,,,,
Organic India Tulsi Ginger 25 TB,4.2 out of 5 stars,67,148,25 TB,Organic India
,,,,,
Attar Ayurveda Pure Moringa Powder - 200 g,4.4 out of 5 stars,348,280,200 g,Attar Ayurveda
,,,,,
"Happa Organic Baby Food, Apple Puree, Stage-2, 2 Pouch, 100g Each",4.0 out of 5 stars,18,198,2,Happa Organic
,,,,,
"Organic India Tulsi Green Tea Classic, 100 Grams (Pack of 2)",4.4 out of 5 stars,189,350,100 Grams,Organic India
,,,,,
Organic India Osteoseal 60 Capsules Bottle,4.2 out of 5 stars,35,212,60,Organic India
,,,,,
Indus Valley Organic Hibiscus Powder - 100 Grams,4.1 out of 5 stars,708,199,100 Grams,Indus Valley
,,,,,
Oi Honey - Natural Honey (300g),5.0 out of 5 stars,2,276,300g,Oi Honey
,,,,,
"Dunhill Desire Garlic Powder, Natural and Export Grade, Dehydrated, 200 Gram",4.0 out of 5 stars,4,225,200 Gram,Dunhill Desire
,,,,,
Diabexy Diabetic Food Products Diabetes Atta Nuts & Seeds - 750g,4.8 out of 5 stars,10,549,750g,Diabexy Diabetic
,,,,,
"Nando's Mild Peri Peri Sauce, 250ml",4.0 out of 5 stars,16,289,250ml,Nando's Mild
,,,,,
"Twinings Green Tea Bags - Mint, 25Bags",4.4 out of 5 stars,133,285,25Bags,Twinings Green
,,,,,
DADEV Unprocessed Raw Honey-750gm 100% Pure Raw Honey Unprocessed and Organic Honey,4.2 out of 5 stars,411,495,100%,DADEV Unprocessed
,,,,,
"Sprig Roasted Chilli Oil, 125g",4.1 out of 5 stars,29,499,125g,Sprig Roasted
,,,,,
Control D Balance Stevia Sweet Drops | Zero Calorie | Sugar Substitute | Diabetic Friendly Sweetener (10 ml),4.0 out of 5 stars,2,149,Zero Calorie,Control D
,,,,,
"St.Botanica Natural Apple Cider Vinegar with Mother Vinegar - 500 ml - Raw, Unfiltered, UnRefined",4.0 out of 5 stars,"2,174",249,500 ml,St.Botanica Natural
,,,,,
Aarshaveda Organic Amla Powder 200 Gm,4.0 out of 5 stars,92,225,200 Gm,Aarshaveda Organic
,,,,,
"Casa De Amor Rose Care Special Organic Fertilizer for Rose Plants, Brown (900 Gram)",4.0 out of 5 stars,787,310,900 Gram,Casa De
,,,,,
Leaf & Nectar Natural Gulkand | with Kesar & Elaichi - Prepared Using Damask Rose & Rock Sugar | Natural Organic - 500 Grams,4.9 out of 5 stars,49,490,500 Grams,Leaf &
,,,,,
Geo-Fresh Organic Superfood Moringa Powder (Olifera) Leaf Powder Powerful Vitamins & Antioxidants - 250g | Boosts Immunity |,4.2 out of 5 stars,6,,250g,Geo-Fresh Organic
,,,,,
Organic India Tulsi Sleep Tea 25 TB,4.0 out of 5 stars,11,154,25 TB,Organic India
,,,,,
OrganicDews Liquid Seaweed Concentrate for Plants 250 ml with Measuring Cup 25 ml Fertilizer for All Indoor and Outdoor Plants,4.2 out of 5 stars,"1,517",255,250 ml,OrganicDews Liquid
,,,,,
Organic India Brahmi - 60 Capsules Bottle,4.0 out of 5 stars,84,205,60,Organic India
,,,,,
ORGANIC INDIA Immunity 60 Capsules,4.4 out of 5 stars,42,225,60,ORGANIC INDIA
,,,,,
Organic India Immunity - 60 Capsules Bottle,4.0 out of 5 stars,43,225,60,Organic India
,,,,,
Nutriorg Old Fashioned USDA Certified Organic Rolled Oats (500 g),4.4 out of 5 stars,81,239,500 g,Nutriorg Old
,,,,,
Organic India Tulsi Brahmi Tea 25 TB,4.6 out of 5 stars,69,154,25 TB,Organic India
,,,,,
Organic India Tulsi Green Tea Assorted 25 Tea Bags,4.5 out of 5 stars,68,184,25 Tea,Organic India
,,,,,
Organic India Tulsi Original 100 GM Tin,4.7 out of 5 stars,15,189,100 GM,Organic India
,,,,,
"A2 Organics Handmade Agnihotra Agarbatti for Daily Pooja | Long Lasting Incense Sticks | Scented Natural Agarbatti for Positive Energy, 60 Sticks",4.4 out of 5 stars,15,170,60,A2 Organics
,,,,,
Attar Ayurveda Indigo Powder for black Hair (200 grams),4.4 out of 5 stars,621,249,200 grams,Attar Ayurveda
,,,,,
Fitter Fresh Certified Organic Jaggery Powder (450 Grams),5.0 out of 5 stars,6,125,450 Grams,Fitter Fresh
,,,,,
"NatureVit Rolled Oats, 5 kg [Pack of 5]",5.0 out of 5 stars,1,"1,249",5 kg,NatureVit Rolled
,,,,,
Vrinda Immunity Tea( Immunity Booster Help to Fight Corona) - 400 gm,5.0 out of 5 stars,2,400,400 gm,Vrinda Immunity
,,,,,
"Sprig Cinnamon Honey, 325g",4.1 out of 5 stars,46,499,325g,Sprig Cinnamon
,,,,,
JOLLY ORGANIC GREEN TEA WITH REFRESHING LEMON FLAVOR - 24 TEA BAGS,5.0 out of 5 stars,6,150,24,JOLLY ORGANIC
,,,,,
"Wiley's Solomons, Fryhle & Snyder Organic Chemistry for JEE (Main & Advanced), 3ed, 2020 [eBook]",4.3 out of 5 stars,295,719.2,2020,"Wiley's Solomons,"
,,,,,
DADEV Unprocessed Raw Honey-750gm 100% Pure Raw Honey Unprocessed and Organic Honey,4.2 out of 5 stars,411,495,100%,DADEV Unprocessed
,,,,,
"Pyure Organic Stevia Sweetener Extract, 0.9 oz",4.2 out of 5 stars,742,"2,772",0.9 oz,Pyure Organic
,,,,,
"Nutriplato-enriching lives Jaggery Powder Premium, 700g",4.1 out of 5 stars,213,169,700g,Nutriplato-enriching lives
,,,,,
"Organic India Tulsi Green Tea, Jasmine, 25 Tea Bags",4.3 out of 5 stars,165,174,25 Tea,Organic India
,,,,,
UrbanBotanics™ 99% Pure Aloe Vera Skin/Hair Gel with Vit E & Natural Emollients (Paraben Free) 200g,4.4 out of 5 stars,"2,309",299,99%,UrbanBotanics™ 99%
,,,,,
Organic India Tulsi Tummy Tea 25 TB,4.6 out of 5 stars,12,154,25 TB,Organic India
,,,,,
MOM'S HOME Baby's Animal Mix Organic Cotton Super Soft Muslin Cloth Swaddle (0-18 Months) - Pack of 5,4.5 out of 5 stars,183,"1,299",0-18 Months,MOM'S HOME
,,,,,
Green Habit Chia Seed Organic 500g for Weight Loss,5.0 out of 5 stars,5,325,500g,Green Habit
,,,,,
Sorich Organics USDA Certified Organic Chia Seeds for Weight Loss - 400 Gm,4.2 out of 5 stars,582,359,400 Gm,Sorich Organics
,,,,,
"Indus Valley Natural Henna Combo (100% Organic, USDA Certified) Herbal Henna Powder Pack of 2-200 gm",4.1 out of 5 stars,545,185,100%,Indus Valley
,,,,,
Organic India Tulsi Masala Chai 100 GM Tin,4.4 out of 5 stars,132,230,100 GM,Organic India
,,,,,
Organic India Tulsi Masala Chai - 100 g,4.4 out of 5 stars,88,230,100 g,Organic India
,,,,,
Organic India Tulsi Honey Chamomile 25 Tea Bags,4.4 out of 5 stars,429,148,25 Tea,Organic India
,,,,,
Organic India Tulsi Green - 25 Tea Bags.,4.0 out of 5 stars,15,174,25 Tea,Organic India
,,,,,
Geo-Fresh Organic Turmeric Powder -425 gm,4.3 out of 5 stars,161,250,-425 gm,Geo-Fresh Organic
,,,,,
Sorich Organics USDA Certified Organic Raw Pumpkin Seeds - 200 Gm,4.0 out of 5 stars,107,236,200 Gm,Sorich Organics
,,,,,
Organic India Wheat Grass - 100 g,4.2 out of 5 stars,37,395,100 g,Organic India
,,,,,
ORGANIC INDIA Tulsi Green Tea Lemon Ginger + Tulsi Mulethi - 25 Tea Bags,4.6 out of 5 stars,30,322,25 Tea,ORGANIC INDIA
,,,,,
"Nature Friend Organic Waste Decomposer for Agricultural Purpose (Pack of 10 Bottles, 30ml per Bottle)",4.3 out of 5 stars,155,199,10,Nature Friend
,,,,,
Organic India Shatavari 60 Capsules Bottle,4.1 out of 5 stars,61,205,60,Organic India
,,,,,
Organic India Tulsi Ginger - 100 g (Pack of 2),4.5 out of 5 stars,52,380,100 g,Organic India
,,,,,
Orgrain India Certified Organic Chia Seeds - 150 GMS,4.1 out of 5 stars,191,279,150,Orgrain India
,,,,,
Vanalaya Organic A2 Desi Gir Cow ghee from A2 Milk Prepared by Traditional Bilona Method -400ml,4.0 out of 5 stars,230,800,-400ml,Vanalaya Organic
,,,,,
Natureland Organics Raisins / Kismis 250 Gm - Organic Raisins,4.2 out of 5 stars,81,180,250 Gm,Natureland Organics
,,,,,
"Nature Vit Wheatgrass Powder, 300 g (Jar Pack)",4.5 out of 5 stars,34,399,300 g,Nature Vit
,,,,,
"Two Brothers Organic Farms Selam Haldi (Ground Turmeric), Single-Origin 500 GMS",4.2 out of 5 stars,4,460,Two,Two Brothers
,,,,,
"Organic Harvest Lavender Essential Oil, Excellent for Aromatherapy, Helps in Skin Lightening, ECOCERT & PeTA Certified, Paraben & Sulphate Free -10ml",5.0 out of 5 stars,4,638,-10ml,Organic Harvest
,,,,,
Rampura Organics Bucket Jaggery Organic Processed (500 gm) Pack of 2,5.0 out of 5 stars,1,130,500 gm,Rampura Organics
,,,,,
Organic India Natural Sweetener Stevia 25N Sachets 75g(Pack of 3),4.2 out of 5 stars,87,285,25N,Organic India
,,,,,
"Hi Honey Raw Organic Wild Honey by Saurashtra Honey Bee Farm| an Ayurvedic Remedy for Weight Loss, Cough and Digestive Problems (530gm) - Glass Jar (Raw Forest Honey) (Pack of 1)",4.3 out of 5 stars,554,495,530gm,Hi Honey
,,,,,
Oi Honey - Natural Honey (300g),5.0 out of 5 stars,2,276,300g,Oi Honey
,,,,,
Thangam Agmark Gingelly Oil 1 LTR Pouch,5.0 out of 5 stars,1,311,1 LTR,Thangam Agmark
,,,,,
Diabexy Diabetic Food Products Diabetes Atta Nuts & Seeds - 750g,4.8 out of 5 stars,10,549,750g,Diabexy Diabetic
,,,,,
"Nando's Mild Peri Peri Sauce, 250ml",4.0 out of 5 stars,16,289,250ml,Nando's Mild
,,,,,
DADEV Unprocessed Raw Honey-750gm 100% Pure Raw Honey Unprocessed and Organic Honey,4.2 out of 5 stars,411,495,100%,DADEV Unprocessed
,,,,,
"Sprig Roasted Chilli Oil, 125g",4.1 out of 5 stars,29,499,125g,Sprig Roasted
,,,,,
Control D Balance Stevia Sweet Drops | Zero Calorie | Sugar Substitute | Diabetic Friendly Sweetener (10 ml),4.0 out of 5 stars,2,149,Zero Calorie,Control D
,,,,,
"Nando's Mild Peri Peri Sauce, 250ml",4.0 out of 5 stars,16,289,250ml,Nando's Mild
,,,,,
Carmel Organics USDA Certified Organic Turmeric Root Powder || 500 Grams,4.5 out of 5 stars,8,500,500 Grams,Carmel Organics
,,,,,
"Organic Harvest Lavender Essential Oil, Excellent for Aromatherapy, Helps in Skin Lightening, ECOCERT & PeTA Certified, Paraben & Sulphate Free -10ml",5.0 out of 5 stars,4,638,-10ml,Organic Harvest
,,,,,
Orgrain India USDA Certified Organic Fenugreek Seeds – 200 GMS,4.7 out of 5 stars,8,205,200,Orgrain India
,,,,,
"Nature Vit Wheatgrass Powder, 300 g (Jar Pack)",4.5 out of 5 stars,34,399,300 g,Nature Vit
,,,,,
Natureland Organics Ragi Flour 500 Gm - Organic Flour,4.2 out of 5 stars,37,59.05,500 Gm,Natureland Organics
,,,,,
Organic India Tulsi Lax Tea 25 Tea Bags,3.8 out of 5 stars,23,154,25 Tea,Organic India
,,,,,
"Organic Chemistry, 9e",4.3 out of 5 stars,120,787.74,,"Organic Chemistry,"
,,,,,
Farm Honey Wild Unprocessed Honey|Pure Organic Raw Honey|100% Natural|no preservatives| No Artificial Color|no Added Sugar|250 Gm,4.0 out of 5 stars,641,273,100%,Farm Honey
,,,,,
Just Jaivik Organic Haritaki Powder - Terminalia Chebula -227g / 0.5 LB - USDA Certified Organic - An Ayurvedic Herb for Detoxification & rejuvenation for Vata,4.3 out of 5 stars,273,249,-227g,Just Jaivik
,,,,,
NUTICIOUS All Natural Organic Flax Seeds (Omega Food)-450 Gm (Gourmet Food Premium Quality),4.4 out of 5 stars,133,197,-450 Gm,NUTICIOUS All
,,,,,
Organic India Tulsi Green Classic 25 TB,4.3 out of 5 stars,43,174,25 TB,Organic India
,,,,,
Organic Bio Herbs-Organic Dried Wormwood/Mugwort (Artemisia Vulgaris) 6 Oz.,4.1 out of 5 stars,15,"4,200",6 Oz,Organic Bio
,,,,,
Two Brothers Organic Farms Sugarcane Jaggery Block 900 GMS,4.0 out of 5 stars,110,260,Two,Two Brothers
,,,,,
"Organic India Ashwagandha 60 Capsules, Pack of 2",4.4 out of 5 stars,34,409,60,Organic India
,,,,,
"First Bud Organics Raw Wild Honey, 500g | Unprocessed, Unfiltered, Unpasteurized | Glass Jar",4.3 out of 5 stars,16,499,500g,First Bud
,,,,,
TrustBasket Organic Vermicompost Fertilizer Manure for Plants - 10 KG,4.1 out of 5 stars,249,599,10 KG,TrustBasket Organic
,,,,,
"Twinings Green Tea Bags - Mint, 25Bags",4.4 out of 5 stars,133,285,25Bags,Twinings Green
,,,,,
Fitter Fresh Certified Organic Jaggery Powder (450 Grams),5.0 out of 5 stars,6,125,450 Grams,Fitter Fresh
,,,,,
"NatureVit Rolled Oats, 5 kg [Pack of 5]",5.0 out of 5 stars,1,"1,249",5 kg,NatureVit Rolled
,,,,,
Vrinda Immunity Tea( Immunity Booster Help to Fight Corona) - 400 gm,5.0 out of 5 stars,2,400,400 gm,Vrinda Immunity
,,,,,
"NourishYou Organic Indian White Quinoa, 500 gm Pack",4.3 out of 5 stars,222,260,500 gm Pack,NourishYou Organic
,,,,,
"Pure and Sure Organic Mustard Oil, 1L",4.2 out of 5 stars,212,320,1L,Pure and
,,,,,
"Bella Vita Organic Shampoo & Conditioner with Growth Protein for Hair Volume, Fall, Dandruff, Frizz Control, Shine & Strength, 225 ml",4.7 out of 5 stars,159,250,225 ml,Bella Vita
,,,,,
"24 Mantra Organic White Sesame Seed, 100g",4.4 out of 5 stars,75,60,24 Mantra,24 Mantra
,,,,,
Pureway Organic Turmeric Powder,4.6 out of 5 stars,29,249,,Pureway Organic
,,,,,
"Trust basket Enriched Organic Earth Magic Potting Soil Fertilizer for Plants, 5 kg",4.1 out of 5 stars,"2,246",299,5 kg,Trust basket
,,,,,
"Sinew Nutrition White Quinoa Seeds, 1kg",4.4 out of 5 stars,288,269,1kg,Sinew Nutrition
,,,,,
"HealthyHey Organic Spirulina Powder Organic - Micro Superfood - Rich in Protein, Vitamins and Minerals 100g",4.5 out of 5 stars,2,349,100g,HealthyHey Organic
,,,,,
"Organic Wellness Ashwagandha, 90 Capsules Bottle",4.2 out of 5 stars,3,284,90,Organic Wellness
,,,,,
"SANRA BiominGR Organic Fertilizer/Soil Activator Granules, 1 kg for Plants",4.4 out of 5 stars,5,199,1 kg,SANRA BiominGR
,,,,,
"HealthKart Apple Cider Vinegar (ACV), Unflavored- 500 mL (ACV Filtered, 500mL)",4.2 out of 5 stars,"1,419",149,500 mL,HealthKart Apple
,,,,,
Carmel Organics USDA certified Giloy/Guduchi/Gulvel Stem Powder || 250 Grams,4.6 out of 5 stars,43,399,250 Grams,Carmel Organics
,,,,,
"Dry Fruit Hub Jaggery Cubes 400gms [Pure, Natural, No Preservatives Added], Jaggery Cube, Gud Jaggery, Jaggery Organic Cubes",3.9 out of 5 stars,79,260,400gms,Dry Fruit
,,,,,
Geo-Fresh Organic Turmeric Powder - 200g (Pack of 2),3.9 out of 5 stars,34,250,200g,Geo-Fresh Organic
,,,,,
Organic India Triphala Powder 100g,4.2 out of 5 stars,100,210,100g,Organic India
,,,,,
Sorich Organics Flax Seeds - Fibre and Omega-3 Rich Superfood - 900 Gm,4.2 out of 5 stars,286,289,900 Gm,Sorich Organics
,,,,,
"Fitness Mantra Pumpkin Seeds Pouch, 250 g",4.2 out of 5 stars,865,249,250 g,Fitness Mantra
,,,,,
Organic Purify DHAGA MISHRI|Thread Crystal 900GM,4.2 out of 5 stars,96,249,900GM,Organic Purify
,,,,,
CARMEL ORGANICS Organic Tulsi Leaves Powder (250 Grams),5.0 out of 5 stars,3,399,250 Grams,CARMEL ORGANICS
,,,,,
"Agile Organic Jumbo Rolled Oats, 1kg (Big Leaf | Gluten Free)",4.3 out of 5 stars,108,299,1kg,Agile Organic
,,,,,
SHRI BAJRANG INDUSTRIES Organic Pranjal Desi Cow Dung Dhoop Batti Incense Stick -Set of 50,4.3 out of 5 stars,49,,50,SHRI BAJRANG
,,,,,
"OTICA ORGANIC NATURAL (FENUGREEK METHI POWDER, 100 GM)",4.6 out of 5 stars,3,199,100 GM,OTICA ORGANIC
,,,,,
"Tata Sampann Organic Toor Dal, 1kg",4.4 out of 5 stars,128,210,1kg,Tata Sampann Organic Toor
,,,,,
TeaTreasure USDA Certified Organic Pure Chamomile Tea - Calming & Soothing Sleep Tea for Stress and Anxiety - 1 Teabox ( 18 Pyramid Tea Bags ),4.1 out of 5 stars,129,249,1,TeaTreasure USDA
,,,,,
Organic Chemistry Volume 1: Chemistry of Organic Compounds,4.9 out of 5 stars,50,544.95,1,Organic Chemistry
,,,,,
"Himalayan Organics Onion Hair Oil - Controls Hair Fall - Promotes Hair Growth - No Mineral Oils & Silicones, 250 ml",4.2 out of 5 stars,201,425,250 ml,Himalayan Organics
,,,,,
"SAARA : Kadukkai Powder l Haritaki Powder l Terminalia Chebula Powder , 101 gm",4.4 out of 5 stars,9,89,101 gm,SAARA :
,,,,,
"Luxura Sciences Organic Indigo Powder For Hair Black 200 Grams,Natural Hair and Beard Dye.",5.0 out of 5 stars,12,199,200 Grams,Luxura Sciences
,,,,,
"Coco Soul Cold Pressed Organic Virgin Coconut Oil, 250 ml",4.2 out of 5 stars,189,310,250 ml,Coco Soul
,,,,,
"Mom's Home Organic Cotton Super Soft Baby Muslin Cloth Swaddle - 0-12 Months - Pack of 3- Butterfly, Cuteelephant, Monkey, Multicolor",4.4 out of 5 stars,412,899,0-12 Months,Mom's Home
,,,,,
"24 Mantra Organic Ragi Flour, 500g",4.4 out of 5 stars,255,,24 Mantra,24 Mantra
,,,,,
"24 Mantra Organic Basmati Rice Premium Polished, 1kg",4.3 out of 5 stars,21,220,24 Mantra,24 Mantra
,,,,,
"Sprig Cinnamon Honey, 325g",4.1 out of 5 stars,46,499,325g,Sprig Cinnamon
,,,,,
Thangam Agmark Gingelly Oil 1 LTR Pouch,5.0 out of 5 stars,1,311,1 LTR,Thangam Agmark
,,,,,
Oi Honey - Natural Honey (300g),5.0 out of 5 stars,2,276,300g,Oi Honey
,,,,,
Diabexy Diabetic Food Products Diabetes Atta Nuts & Seeds - 750g,4.8 out of 5 stars,10,549,750g,Diabexy Diabetic
,,,,,
DADEV Unprocessed Raw Honey-750gm 100% Pure Raw Honey Unprocessed and Organic Honey,4.2 out of 5 stars,411,495,100%,DADEV Unprocessed
,,,,,
"Sprig Roasted Chilli Oil, 125g",4.1 out of 5 stars,29,499,125g,Sprig Roasted
,,,,,
Control D Balance Stevia Sweet Drops | Zero Calorie | Sugar Substitute | Diabetic Friendly Sweetener (10 ml),4.0 out of 5 stars,2,149,Zero Calorie,Control D
,,,,,
Diabexy Diabetic Food Products Diabetes Atta Nuts & Seeds - 750g,4.8 out of 5 stars,10,549,750g,Diabexy Diabetic
,,,,,
Farm Naturelle -100 % Pure Organic Extra-Virgin Cold Pressed Coconut Oil (Glass Bottle - 500 ml),4.3 out of 5 stars,100,,-100%,Farm Naturelle
,,,,,
WishCare® Pure & Natural Aloe Vera Gel - 200 Ml - Enriched With Vitamin E - Multipurpose Gel for Skin and Hair,4.3 out of 5 stars,765,289,200 Ml,WishCare® Pure
,,,,,
"Organic Harvest Orange Essential Oil, Excellent for Aromatherapy, Relaxing & Calming Effects, ECOCERT & PeTA Certified, Paraben & Sulphate Free -10ml",5.0 out of 5 stars,3,279,-10ml,Organic Harvest
,,,,,
Maxcare Virgin Coconut Oil (Cold Pressed) 500ML Wide Mouth,4.5 out of 5 stars,"2,030",370.5,500ML,Maxcare Virgin
,,,,,
ORGANIC INDIA Tulsi Green Tea Lemon Ginger + Tulsi Mulethi - 25 Tea Bags,4.6 out of 5 stars,30,322,25 Tea,ORGANIC INDIA
,,,,,
TAFLON® 45 Varieties of vegetable Seeds || We give Only organic vegetables for kitchen gardening || 2500+ seeds,5.0 out of 5 stars,1,225,45,TAFLON® 45
,,,,,
CoralTribe Premium Quality Gulkand Made from Damask Rose Petals |Finest Rose Preserve | Ecofriendly Glass jar - 500 gm,4.9 out of 5 stars,11,490,500 gm,CoralTribe Premium
,,,,,
Zevic Stevia Sugar Free Powder - 300 g,4.1 out of 5 stars,226,458,300 g,Zevic Stevia
,,,,,
"NourishYou Organic Black Chia Seeds for Weight Loss, 500G (Single Pack) Superfood Excellent Source of Omega-3 Fatty Acids, Vitamins, Protein, Iron and Other Minerals",4.5 out of 5 stars,62,495,500G,NourishYou Organic
,,,,,
Natureland Organics Kachhi Ghani Pure Mustard Oil 1 LTR - Cold Pressed,4.1 out of 5 stars,86,225,1 LTR,Natureland Organics
,,,,,
"Wiley's Solomons, Fryhle, Synder Organic Chemistry for NEET and other Medical Entrance Examinations,",4.1 out of 5 stars,16,739.88,,"Wiley's Solomons,"
,,,,,
Clave Organic India | Kasturi Manjal Powder | Wild Turmeric Powder | Wayanad Rare Variety | Pale Brown Colour |100% Vegan | No Chemicals - 90g (Pack of 1),4.0 out of 5 stars,11,,100%,Clave Organic
,,,,,
"Coconutty Raw Extra Virgin Coconut Oil, 500ml - Cold Pressed, Glass Jar, 100% Natural for Hair, Skin & Cooking (500ml)",4.4 out of 5 stars,169,549,500ml,Coconutty Raw
,,,,,
MOM'S HOME Baby's Animal Mix Organic Cotton Super Soft Muslin Cloth Swaddle (0-18 Months) - Pack of 5,4.5 out of 5 stars,183,"1,299",0-18 Months,MOM'S HOME
,,,,,
HATHMIC Raw Extra Virgin Coconut Oil (Cold Pressed)1000ml,4.2 out of 5 stars,652,690,1000ml,HATHMIC Raw
,,,,,
Colavita Organic Extra Virgin Olive Oil (Cold Production) 500 ml,4.6 out of 5 stars,35,"1,285",500 ml,Colavita Organic
,,,,,
"Twinings Green Tea Bags - Mint, 25Bags",4.4 out of 5 stars,133,285,25Bags,Twinings Green
,,,,,
Fitter Fresh Certified Organic Jaggery Powder (450 Grams),5.0 out of 5 stars,6,125,450 Grams,Fitter Fresh
,,,,,
"NatureVit Rolled Oats, 5 kg [Pack of 5]",5.0 out of 5 stars,1,"1,249",5 kg,NatureVit Rolled
,,,,,
Vrinda Immunity Tea( Immunity Booster Help to Fight Corona) - 400 gm,5.0 out of 5 stars,2,400,400 gm,Vrinda Immunity
,,,,,
Colavita Balsamic Vinegar of Modena 500 ML,4.1 out of 5 stars,25,470,500 ML,Colavita Balsamic
,,,,,
"24Mantra Organic Groundnut Oil, 1 L",4.0 out of 5 stars,176,350,24Mantra,24Mantra Organic
,,,,,
Nourish Organics Choco Oats Bar (30 g) - Pack of 6,4.3 out of 5 stars,91,330,30 g,Nourish Organics
,,,,,
Zevic Stevia Sugar Free White Powder - 200 g,4.2 out of 5 stars,191,315,200 g,Zevic Stevia
,,,,,
Sorich Organics Dried Blueberry Unsulphured Unsweetened and Naturally Dehydrated Fruits 300 Gm,4.1 out of 5 stars,209,750,300 Gm,Sorich Organics
,,,,,
"24 Mantra Organic Raw Peanut, 1kg",4.3 out of 5 stars,310,270,24 Mantra,24 Mantra
,,,,,
"24 Mantra Organic Masoor Dal, 500g",4.3 out of 5 stars,95,,24 Mantra,24 Mantra
,,,,,
Himalayan Organics Vitamin D3 5000Iu with K2 As MK7 100Mcg Supplement - 120 Veg Tablets,4.0 out of 5 stars,187,699,100Mcg,Himalayan Organics
,,,,,
Coco Tier Pure Coconut Sugar 1 KG - (2 Packs * 500g),4.4 out of 5 stars,4,790,1 KG,Coco Tier
,,,,,
Organic India Osteoseal 60 Capsules Bottle,4.2 out of 5 stars,35,212,60,Organic India
,,,,,
"Himalayan Organics Hyaluronic Acid Anti Aging Cream for Under Eye Dark Circles, Anti Wrinkle, Skin Brightening, 50 ml",4.8 out of 5 stars,48,599,50 ml,Himalayan Organics
,,,,,
Maxcare Virgin Coconut Oil (Cold Pressed) 1000ML,4.4 out of 5 stars,"1,556",665,1000ML,Maxcare Virgin
,,,,,
"Brewvin Organic and Raw Apple Cider Vinegar, 500ml",4.0 out of 5 stars,131,349,500ml,Brewvin Organic
,,,,,
Organic India Triphala Bottle - 250 Capsules,4.2 out of 5 stars,95,,250,Organic India
,,,,,
True Elements Raw Chia Seeds for Weight Loss 500g - Omega 3 Rich Seeds,4.3 out of 5 stars,762,418,500g,True Elements
,,,,,
"Organic Home White Marble Soap Dispenser with Pump, Lotion Dispenser, Lotion Pump",4.0 out of 5 stars,1,860,,Organic Home
,,,,,
"Two Brothers Organic Farms A2 Cultured Ghee, Desi Gir Cow 500 ml",4.1 out of 5 stars,155,"1,750",Two,Two Brothers
,,,,,
"Lotus Organics+ Precious Brightening Face Wash for Fairness, No Paraben, Sulphate, and Silicones, 100% Certified Organic Actives, Natural Face wash for Women,100 ml",4.3 out of 5 stars,58,400.5,100%,Lotus Organics+
,,,,,
"Arya Farm Certified Organic Produced Without Chemicals and Pesticides Bucket Shape Jaggery , 4 Kgs",4.1 out of 5 stars,6,642,4 Kgs,Arya Farm
,,,,,
"Primal Herb Organic He Shou Wu Fo-ti Extract Powerful Anti Aging, Longevity Tonic, Aged Roots 6-8 Years",4.2 out of 5 stars,87,"6,432",6-8 Years,Primal Herb
,,,,,
Nourish Organics Amla Bar (30 g) - Pack of 6,4.6 out of 5 stars,31,330,30 g,Nourish Organics
,,,,,
Juan Organic Turmeric Seed -10 rhizomes,4.5 out of 5 stars,2,180,-10,Juan Organic
,,,,,
"WOW Aloe Vera Multipurpose Beauty Gel for Skin and Hair, 130ml + 20ml",4.2 out of 5 stars,"7,258",251,130ml,WOW Aloe
,,,,,
"THE HONEY SHOP - Raw Forest Honey - 100% Pure and Natural - Unprocessed, Unfiltered, Unpasteurized (320g)",4.2 out of 5 stars,453,320,100%,THE HONEY
,,,,,
Erika Organics Gluten Free Organic Quinoa 1Kg,4.6 out of 5 stars,7,349,1Kg,Erika Organics
,,,,,
"Organic Harvest Activ Luminosity Anti Pigmentation Cream, Helps in Reducing Pigmentation & Wrinkles, ECOCERT & PeTA Certified, Paraben & Sulphate Free - 50gm",4.0 out of 5 stars,27,"1,036",50gm,Organic Harvest
,,,,,
Bragg Organic Raw Apple Cider Vinegar - 946 ml (Pack of 2),4.5 out of 5 stars,639,"1,730",946 ml,Bragg Organic
,,,,,
Organic India Tulsi Mulethi 25 Tea Bags- (Pack of 2),4.6 out of 5 stars,66,296,25 Tea,Organic India
,,,,,
Mom's Home Organic Cotton Super Soft Baby Muslin Cloth Swaddle - 0-12 Months - 100x100 cm - Pack of 2 - Panda and GreyElephant,4.3 out of 5 stars,23,599,0-12 Months,Mom's Home
,,,,,
ELWORLD AGRO & ORGANIC FOOD PRODUCTS Organic Raw Sugar (1 kg X 3) - Pack of 3,4.0 out of 5 stars,33,416,1 kg X,ELWORLD AGRO
,,,,,
Pureway Organic Turmeric Powder,4.6 out of 5 stars,29,249,,Pureway Organic
,,,,,
"Himalayan Organics Onion Hair Oil - Controls Hair Fall - Promotes Hair Growth - No Mineral Oils & Silicones, 250 ml",4.2 out of 5 stars,201,425,250 ml,Himalayan Organics
,,,,,
"Sprig Cinnamon Honey, 325g",4.1 out of 5 stars,46,499,325g,Sprig Cinnamon
,,,,,
Thangam Agmark Gingelly Oil 1 LTR Pouch,5.0 out of 5 stars,1,311,1 LTR,Thangam Agmark
,,,,,
Oi Honey - Natural Honey (300g),5.0 out of 5 stars,2,276,300g,Oi Honey
,,,,,
"Organic India Virgin Coconut Oil, 500ml",4.1 out of 5 stars,460,679,500ml,Organic India
,,,,,
DADEV Unprocessed Raw Honey-750gm 100% Pure Raw Honey Unprocessed and Organic Honey,4.2 out of 5 stars,411,495,100%,DADEV Unprocessed
,,,,,
"Sprig Roasted Chilli Oil, 125g",4.1 out of 5 stars,29,499,125g,Sprig Roasted
,,,,,
Control D Balance Stevia Sweet Drops | Zero Calorie | Sugar Substitute | Diabetic Friendly Sweetener (10 ml),4.0 out of 5 stars,2,149,Zero Calorie,Control D
,,,,,
"Organic India Virgin Coconut Oil, 500ml",4.1 out of 5 stars,460,679,500ml,Organic India
,,,,,
"HealthyHey Organic All Natural Raw and Gluten-Free USDA Certified Apple Cider Vinegar with The Mother, 500ml",4.3 out of 5 stars,13,299,500ml,HealthyHey Organic
,,,,,
"Himalayan Organics Vitamin C Serum for Face Capture Youth with Hyaluronic Acid and Vitamin E - Brightening & Night Skin Repair, 30 ml",4.0 out of 5 stars,316,999,30 ml,Himalayan Organics
,,,,,
Aagam Fresh Organic Ajwain (Carrom Seed / Bishop's Weed - अजवाइन) - 400 Gram,4.0 out of 5 stars,3,298,400 Gram,Aagam Fresh
,,,,,
Ashwagandha Root Powder - 100 grams.,4.4 out of 5 stars,31,199,100 grams,Ashwagandha Root
,,,,,
BLOOMBUDDY All Purpose Plant Feed (1 Kg),4.0 out of 5 stars,405,410,1 Kg,BLOOMBUDDY All
,,,,,
True Elements Gluten Free Rolled Oats for Weight Loss 500 gm,4.3 out of 5 stars,324,193,500 gm,True Elements
,,,,,
"Rivona Naturals Organic & 99% Pure Soothing Aloe Vera Gel - Best Multipurpose Beauty Gel for Face, Skin & Hair – Paraben & Sulphate Free - 125 ml",4.3 out of 5 stars,386,210,99%,Rivona Naturals
,,,,,
GreenFinity: Basil Seeds - 400g | 100% Hygienic | Pack of 2 | [Free Shipping].,5.0 out of 5 stars,2,299,400g,GreenFinity: Basil
,,,,,
"Pure and Sure Organic Coconut Oil, 500ml",4.3 out of 5 stars,413,265,500ml,Pure and
,,,,,
"Wiley's Solomons, Fryhle, Synder Organic Chemistry for NEET and other Medical Entrance Examinations,",4.1 out of 5 stars,16,739.88,,"Wiley's Solomons,"
,,,,,
"Two Brothers Organic Farms Khapli Atta (Emmer Long Wheat Flour), Stoneground 2 kg",4.3 out of 5 stars,71,430,Two,Two Brothers
,,,,,
"Bella Vita Organic Vitamin C Face Wash for Oil Control, Hydration, Brightening, Pore Cleansing, Detan, Pigmentation, Blemishes, Acne & Sensitive Skin, Sulfate & Paraben Free, 225 ml",4.7 out of 5 stars,107,250,225 ml,Bella Vita
,,,,,
Natureland Organics Honey 500 Gm - Pure - Natural - Organic Honey,4.0 out of 5 stars,34,295,500 Gm,Natureland Organics
,,,,,
Organic Home Crystal White Chiselled Tumbler,4.6 out of 5 stars,3,613,,Organic Home
,,,,,
"Onlyleaf Chamomile Green Tea For Stress Relief made with 100% Whole Leaf, 27 Pyramid Tea Bags (25 Tea Bags + 2 Free Samples)",4.3 out of 5 stars,"1,304",250,100%,Onlyleaf Chamomile
,,,,,
"BubbleNut Wash- Natural Fruits and Vegetables Wash Liquid ( 900 ml ) | Organic, Herbal- Made from Soapnuts,Tulsi,Neem| Sanitizer , Cleaner & Disinfectant for Fruits & Veggies- Removes germs, viruses, pesticides",4.6 out of 5 stars,67,399,900 ml,BubbleNut Wash-
,,,,,
"Twinings Green Tea Bags - Mint, 25Bags",4.4 out of 5 stars,133,285,25Bags,Twinings Green
,,,,,
Fitter Fresh Certified Organic Jaggery Powder (450 Grams),5.0 out of 5 stars,6,125,450 Grams,Fitter Fresh
,,,,,
"NatureVit Rolled Oats, 5 kg [Pack of 5]",5.0 out of 5 stars,1,"1,249",5 kg,NatureVit Rolled
,,,,,
Vrinda Immunity Tea( Immunity Booster Help to Fight Corona) - 400 gm,5.0 out of 5 stars,2,400,400 gm,Vrinda Immunity
,,,,,
Indus Valley Bio Organic 100% Natural Herbal Henna Powder,4.1 out of 5 stars,167,89,100%,Indus Valley
,,,,,
AGROPHILIA White Quinoa 1 Kg,4.2 out of 5 stars,536,299,1 Kg,AGROPHILIA White
,,,,,
Vanalaya Pumpkin Seeds Raw Organic 250gm,4.4 out of 5 stars,25,300,250gm,Vanalaya Pumpkin
,,,,,
"Herbal Hills 100% Organic Neem Powder | Neem Leaves Powder - Azadirachta Indica 7 Oz, 200 gms",4.4 out of 5 stars,14,195,100%,Herbal Hills
,,,,,
Add me Homemade Rose Gulkandh 600gm Fresh Damask Rose Petal Gulkand 600g Glass jar,4.2 out of 5 stars,65,330,600gm,Add me
,,,,,
Organic India Tulsi Original 25 TB,4.3 out of 5 stars,30,148,25 TB,Organic India
,,,,,
"Organic India Natural Sweetener Stevia, 25N Sachets (Pack of 2)",4.2 out of 5 stars,31,190,25N,Organic India
,,,,,
Luxura Sciences Organic Triphala Powder 200 Gms- Balancing Formula for Detoxification & Rejuvenation.,4.1 out of 5 stars,88,279,200,Luxura Sciences
,,,,,
Maxcare Virgin Coconut Oil (Cold Pressed) 500ML,4.5 out of 5 stars,"5,169",356.25,500ML,Maxcare Virgin
,,,,,
Organic India Tulsi 25 Tea Bag Pack of 2 (Honey Chamomile),4.5 out of 5 stars,159,296,25 Tea,Organic India
,,,,,
Go-Siddhi Organics Cow Dung Cakes -Set of 20,5.0 out of 5 stars,6,127,20,Go-Siddhi Organics
,,,,,
True Elements Gluten Free Rolled Oats 1.2 kg - High in Fibre.,4.5 out of 5 stars,642,348,1.2 kg,True Elements
,,,,,
JUS' AMAZIN Organic Peanut Butter All Natural - UNSWEETENED | 100% Organic Ingredients | Vegan (200 g),4.2 out of 5 stars,69,184,100%,JUS' AMAZIN
,,,,,
SAVAYAV ; the organic way (SA) Organic Honey 200g|Pure and Natural Wild Forest Multi Flora Honey From Western Ghats Dakshina Kannada Beekeepers,4.3 out of 5 stars,73,235,200g,SAVAYAV ;
,,,,,
"Sorich Organics Lemon Tulsi Green Tea - Antioxidants Rich, Immunity Booster Detox Tea - 200 Gm",4.3 out of 5 stars,225,329,200 Gm,Sorich Organics
,,,,,
Aromatique Natural Indigo Powder for Hair & Beard Color - 250 grams,4.1 out of 5 stars,77,199,250 grams,Aromatique Natural
,,,,,
Natureland Organics Kachhi Ghani Pure Mustard Oil 1 LTR - Cold Pressed,4.1 out of 5 stars,86,225,1 LTR,Natureland Organics
,,,,,
True Elements Raw Watermelon Seeds for Eating 250gm - High in Protein,4.4 out of 5 stars,214,172,250gm,True Elements
,,,,,
Sorich Organics USDA Certified Organic Sunflower Seeds - 200 Gm - Protein and Fibre Rich Superfood,4.1 out of 5 stars,47,180,200 Gm,Sorich Organics
,,,,,
"Bare Elixir Organic Forest Honey Raw Unprocessed Unfiltered Unpasteurized Pure Natural Original Honey - for Weight Loss, Cough & Digestive Problems (530gm)",4.6 out of 5 stars,222,490,530gm,Bare Elixir
,,,,,
"24 Mantra Organic Green Split Moong Dal, 500g",4.3 out of 5 stars,86,100,24 Mantra,24 Mantra
,,,,,
"24 Mantra Organic Turmeric Powder, 100g",4.3 out of 5 stars,217,,24 Mantra,24 Mantra
,,,,,
"Khadi Mauri Herbal Aloe Vera Gel, White, 210 ml",4.1 out of 5 stars,144,175,210 ml,Khadi Mauri
,,,,,
Sri Sri Tattva Organic Virgin Coconut Oil - 200 ml,4.7 out of 5 stars,44,300,200 ml,Sri Sri
,,,,,
IFFCO Urban Gardens - Nutri Rich 5Kg – Seaweed Fortified Vermicompost – 100% Organic Fertilizer & Manure,4.6 out of 5 stars,6,300,5Kg,IFFCO Urban
,,,,,
Nutriorg Amla Juice - 1000ml,4.0 out of 5 stars,56,389,1000ml,Nutriorg Amla
,,,,,
"HawaiiPharm Poke Alcohol-FREE Liquid Extract, Organic (Phytolacca Americana) Dried Root Glycerite 2 oz",4.8 out of 5 stars,26,,2 oz,HawaiiPharm Poke
,,,,,
Aagam Fresh Organic Fennel Seed (Saunf - सौंफ) - 200 Gram,4.1 out of 5 stars,19,229,200 Gram,Aagam Fresh
,,,,,
General Organic Chemistry for JEE Main & Advanced,3.9 out of 5 stars,61,147,,General Organic
,,,,,
The Divine Foods | Turmeric Powder | Organic | High Curcumin (250 gm),4.7 out of 5 stars,87,275,250 gm,The Divine
,,,,,
Organic India Apple Cider Vinegar 500 Ml,4.3 out of 5 stars,122,595,500 Ml,Organic India
,,,,,
Cocogarden Enriched Vermicompost 5 Kg - Effective And Complete Plant Food,4.0 out of 5 stars,"1,317",349,5 Kg,Cocogarden Enriched
,,,,,
"Sprig Cinnamon Honey, 325g",4.1 out of 5 stars,46,499,325g,Sprig Cinnamon
,,,,,
Thangam Agmark Gingelly Oil 1 LTR Pouch,5.0 out of 5 stars,1,311,1 LTR,Thangam Agmark
,,,,,
Chinnor Rice/Kali Much Rice (15 Kgs),4.8 out of 5 stars,7,"1,299",15 Kgs,Chinnor Rice/Kali
,,,,,
Oi Honey - Natural Honey (300g),5.0 out of 5 stars,2,276,300g,Oi Honey
,,,,,
DADEV Unprocessed Raw Honey-750gm 100% Pure Raw Honey Unprocessed and Organic Honey,4.2 out of 5 stars,411,495,100%,DADEV Unprocessed
,,,,,
"Sprig Roasted Chilli Oil, 125g",4.1 out of 5 stars,29,499,125g,Sprig Roasted
,,,,,
Control D Balance Stevia Sweet Drops | Zero Calorie | Sugar Substitute | Diabetic Friendly Sweetener (10 ml),4.0 out of 5 stars,2,149,Zero Calorie,Control D
,,,,,
"Organic India Virgin Coconut Oil, 500ml",4.1 out of 5 stars,460,679,500ml,Organic India
,,,,,
Vanalaya Raw chia Seeds for Weight loss-500g,4.3 out of 5 stars,402,439,,Vanalaya Raw
,,,,,
"Cocogarden Organic Potting Soil Mix for Plants, 4.5 kg",4.2 out of 5 stars,218,349,4.5 kg,Cocogarden Organic
,,,,,
"Arka All Natural™| Natural Organic Gulkand | 100% Desi | Made from Desi Sugar, Elaichi & Chaitri Desi Roses | Helps People with The Digestive Problem & Also Useful as a Mouth freshener. 500 Gm.",5.0 out of 5 stars,1,295,100%,Arka All
,,,,,
Cocogarden Enriched Vermicompost 5 Kg - Effective And Complete Plant Food,4.0 out of 5 stars,"1,317",349,5 Kg,Cocogarden Enriched
,,,,,
Organic Purify Dry Rose Petals|GULAB Patti 100GM,4.1 out of 5 stars,17,199,100GM,Organic Purify
,,,,,
Organic Natural Herb Mulethi Sticks Licorice Roots| मुलैठी | Glycyrrhiza Glabra Yashtimadhu (100 GM),4.5 out of 5 stars,2,199,100 GM,Organic Natural
,,,,,
Luxura Sciences Organic Triphala Powder 200 Gms- Balancing Formula for Detoxification & Rejuvenation.,4.1 out of 5 stars,88,279,200,Luxura Sciences
,,,,,
Nourish Organics Amla Bar (30 g) - Pack of 6,4.6 out of 5 stars,31,330,30 g,Nourish Organics
,,,,,
"24 Mantra Organic Sonamasuri Semi Brown Rice Hand Pounded, 5kg",4.1 out of 5 stars,200,475,24 Mantra,24 Mantra
,,,,,
Himalayan Organics Organic Multivitamin with 60+ Certified Organic Extracts - 60 Vegetarian Capsules (60),4.0 out of 5 stars,336,599,60,Himalayan Organics
,,,,,
Natureland Organics Moong Dal Yellow/ Split Washed Pouch 500 Gm (2 x 500 gm) - Organic Healthy Pulses,4.9 out of 5 stars,21,224,500 Gm,Natureland Organics
,,,,,
"Organic Home White Marble and Acacia Wood Coasters (Set of 4), Coasters for Home, Coasters for Glasses, Set of Coasters",5.0 out of 5 stars,2,813,4,Organic Home
,,,,,
"Natureland Organics Panchrangi Dal/Mix Dal Pouch, 1 kg",4.4 out of 5 stars,25,200,1 kg,Natureland Organics
,,,,,
Organic India Turmeric Powder (Haldi),4.1 out of 5 stars,39,100,,Organic India
,,,,,
Herb Pharm Certified Organic Fennel Extract for Digestive System Support - 4 Ounce,5.0 out of 5 stars,6,"5,983",4 Ounce,Herb Pharm
,,,,,
"Mimmo Organics Veggie Alphabets with Semolina, Spinach, Beetroot, Tomato & Carrot Pasta | 100% Organic Baby Food| 9 Months & Up| Organic Pasta for Babies & Toddlers, 250 g",4.0 out of 5 stars,13,,100%,Mimmo Organics
,,,,,
"Twinings Green Tea Bags - Mint, 25Bags",4.4 out of 5 stars,133,285,25Bags,Twinings Green
,,,,,
Fitter Fresh Certified Organic Jaggery Powder (450 Grams),5.0 out of 5 stars,6,125,450 Grams,Fitter Fresh
,,,,,
"NatureVit Rolled Oats, 5 kg [Pack of 5]",5.0 out of 5 stars,1,"1,249",5 kg,NatureVit Rolled
,,,,,
Vrinda Immunity Tea( Immunity Booster Help to Fight Corona) - 400 gm,5.0 out of 5 stars,2,400,400 gm,Vrinda Immunity
,,,,,
Himalayan Organics Vitamin D3 5000Iu with K2 As MK7 100Mcg Supplement - 120 Veg Tablets,4.0 out of 5 stars,187,699,100Mcg,Himalayan Organics
,,,,,
"Nutriwish Premium Basil Seeds, 500g",4.3 out of 5 stars,638,350,500g,Nutriwish Premium
,,,,,
"Sprig Cinnamon Honey, 325g",4.1 out of 5 stars,46,499,325g,Sprig Cinnamon
,,,,,
Thangam Agmark Gingelly Oil 1 LTR Pouch,5.0 out of 5 stars,1,311,1 LTR,Thangam Agmark
,,,,,
Chinnor Rice/Kali Much Rice (15 Kgs),4.8 out of 5 stars,7,"1,299",15 Kgs,Chinnor Rice/Kali
,,,,,
Oi Honey - Natural Honey (300g),5.0 out of 5 stars,2,276,300g,Oi Honey
,,,,,
DADEV Unprocessed Raw Honey-750gm 100% Pure Raw Honey Unprocessed and Organic Honey,4.2 out of 5 stars,411,495,100%,DADEV Unprocessed
,,,,,
"Sprig Roasted Chilli Oil, 125g",4.1 out of 5 stars,29,499,125g,Sprig Roasted
,,,,,
"Organic India Virgin Coconut Oil, 500ml",4.1 out of 5 stars,460,679,500ml,Organic India
,,,,,
Diabexy Diabetic Food Products Diabetes Atta Nuts & Seeds - 750g,4.8 out of 5 stars,10,549,750g,Diabexy Diabetic
,,,,,
"Twinings Green Tea Bags - Mint, 25Bags",4.4 out of 5 stars,133,285,25Bags,Twinings Green
,,,,,
Control D Balance Stevia Sweet Drops | Zero Calorie | Sugar Substitute | Diabetic Friendly Sweetener (10 ml),4.0 out of 5 stars,2,149,Zero Calorie,Control D
,,,,,
Fitter Fresh Certified Organic Jaggery Powder (450 Grams),5.0 out of 5 stars,6,125,450 Grams,Fitter Fresh
,,,,,
"NatureVit Rolled Oats, 5 kg [Pack of 5]",5.0 out of 5 stars,1,"1,249",5 kg,NatureVit Rolled
,,,,,
"Sprig Cinnamon Honey, 325g",4.1 out of 5 stars,46,499,325g,Sprig Cinnamon
,,,,,
Vrinda Immunity Tea( Immunity Booster Help to Fight Corona) - 400 gm,5.0 out of 5 stars,2,400,400 gm,Vrinda Immunity
,,,,,
Chinnor Rice/Kali Much Rice (15 Kgs),4.8 out of 5 stars,7,"1,299",15 Kgs,Chinnor Rice/Kali
,,,,,
Thangam Agmark Gingelly Oil 1 LTR Pouch,5.0 out of 5 stars,1,311,1 LTR,Thangam Agmark
,,,,,
"Sprig Roasted Chilli Oil, 125g",4.1 out of 5 stars,29,499,125g,Sprig Roasted
,,,,,
DADEV Unprocessed Raw Honey-750gm 100% Pure Raw Honey Unprocessed and Organic Honey,4.2 out of 5 stars,411,495,100%,DADEV Unprocessed
,,,,,
"Organic India Virgin Coconut Oil, 500ml",4.1 out of 5 stars,460,679,500ml,Organic India
,,,,,
Diabexy Diabetic Food Products Diabetes Atta Nuts & Seeds - 750g,4.8 out of 5 stars,10,549,750g,Diabexy Diabetic
,,,,,
"Twinings Green Tea Bags - Mint, 25Bags",4.4 out of 5 stars,133,285,25Bags,Twinings Green
,,,,,
Control D Balance Stevia Sweet Drops | Zero Calorie | Sugar Substitute | Diabetic Friendly Sweetener (10 ml),4.0 out of 5 stars,2,149,Zero Calorie,Control D
,,,,,
Fitter Fresh Certified Organic Jaggery Powder (450 Grams),5.0 out of 5 stars,6,125,450 Grams,Fitter Fresh
,,,,,
"NatureVit Rolled Oats, 5 kg [Pack of 5]",5.0 out of 5 stars,1,"1,249",5 kg,NatureVit Rolled
,,,,,
"Sprig Cinnamon Honey, 325g",4.1 out of 5 stars,46,499,325g,Sprig Cinnamon
,,,,,
Vrinda Immunity Tea( Immunity Booster Help to Fight Corona) - 400 gm,5.0 out of 5 stars,2,400,400 gm,Vrinda Immunity
,,,,,
Chinnor Rice/Kali Much Rice (15 Kgs),4.8 out of 5 stars,7,"1,299",15 Kgs,Chinnor Rice/Kali
,,,,,
Thangam Agmark Gingelly Oil 1 LTR Pouch,5.0 out of 5 stars,1,311,1 LTR,Thangam Agmark
,,,,,
"Sprig Roasted Chilli Oil, 125g",4.1 out of 5 stars,29,499,125g,Sprig Roasted
,,,,,
DADEV Unprocessed Raw Honey-750gm 100% Pure Raw Honey Unprocessed and Organic Honey,4.2 out of 5 stars,411,495,100%,DADEV Unprocessed
,,,,,
"Organic India Virgin Coconut Oil, 500ml",4.1 out of 5 stars,460,679,500ml,Organic India
,,,,,
Diabexy Diabetic Food Products Diabetes Atta Nuts & Seeds - 750g,4.8 out of 5 stars,10,549,750g,Diabexy Diabetic
,,,,,
"Twinings Green Tea Bags - Mint, 25Bags",4.4 out of 5 stars,133,285,25Bags,Twinings Green
,,,,,
Control D Balance Stevia Sweet Drops | Zero Calorie | Sugar Substitute | Diabetic Friendly Sweetener (10 ml),4.0 out of 5 stars,2,149,Zero Calorie,Control D
,,,,,
Fitter Fresh Certified Organic Jaggery Powder (450 Grams),5.0 out of 5 stars,6,125,450 Grams,Fitter Fresh
,,,,,
"NatureVit Rolled Oats, 5 kg [Pack of 5]",5.0 out of 5 stars,1,"1,249",5 kg,NatureVit Rolled
,,,,,
"Sprig Cinnamon Honey, 325g",4.1 out of 5 stars,46,499,325g,Sprig Cinnamon
,,,,,
Chinnor Rice/Kali Much Rice (15 Kgs),4.8 out of 5 stars,7,"1,299",15 Kgs,Chinnor Rice/Kali
,,,,,
Vrinda Immunity Tea( Immunity Booster Help to Fight Corona) - 400 gm,5.0 out of 5 stars,2,400,400 gm,Vrinda Immunity
,,,,,
Thangam Agmark Gingelly Oil 1 LTR Pouch,5.0 out of 5 stars,1,311,1 LTR,Thangam Agmark
